Site,Name,Localisation,Administration,Latitude,Longitude
BLAP-0.5,Parc Ranger,"parc Ranger, inters. du boul. Lasalle et de la rue Lyette",LaSalle,"45,4283890155","-73,6658646001"
BLAP-01,Canal de Lachine (Cabouse),"Canal de Lachine, inters. av. Dollard et rue de la Berge du Canal",Lachine,"45,4414672938","-73,6451203318"
BLAP-02,Canal de Lachine (H2O adventures),"Canal de Lachine, inters. rue d'Argenson et rue St-Patrick",Le Sud-Ouest,"45,4790222961","-73,5739640483"
BLAP-1,Parc de l'Aqueduc (La Bécane),"parc de l'Aqueduc (La Bécane), boul. Lasalle et 68e av.",LaSalle,"45,4149906733","-73,6286007002"
BLAP-10,Bout de la rue Hall,"Verdun, sud de l'île des Soeurs, extrémité sud du ch. de la Pointe-Sud.",Verdun,"45,4495911134","-73,5470037212"
BLAP-10.5,Pointe sud-ouest de Î.-D.-S.,"Île-des-Soeurs, piste cyclable, inters. rue André-Prévost et ch. de la Pointe-Sud",Verdun,"45,4465963113","-73,5611311761"
BLAP-2,Terrasse Chatelle,"Lasalle, 50m au sud de l'intersection du boul.Lasalle et de l'av. 40e.",LaSalle,"45,4157333498","-73,6154233798"
BLAP-2.2,Parc des Rapides (vague à Guy),"parc des Rapides, vague à Guy, près de la place René-Lévesque",LaSalle,"45,4193878875","-73,6032027824"
BLAP-2.5,Parc des Rapides (Tsse Serre),"parc des Rapides - Tsse Serre, inters. boul. Lasalle et boul. Bishop-Power",LaSalle,"45,4265587527","-73,5951266254"
BLAP-2.7,Parc O'Reilley (future plage),"parc de l'Honorable-Georges-O'Reilley, future plage, boul. Lasalle",Verdun,"45,4407498636","-73,5770394733"
BLAP-2.75,Bassin de pêche (Ter. Serre),"Lasalle, boul. LaSalle, 150m à l'est de l'intersection du boul. St-Joseph et de l'av. 7e, au ponceau du bassin du pôle des rapides de Lachine.",LaSalle,"45,4288127606","-73,5918269878"
BLAP-2.8,Parc O'Reilley (Natatorium),"parc de l'Honorable-George-O'Reilley, quai du Natatorium, inters. boul. Lasalle et rue Stephens",Verdun,"45,4426502898","-73,5743408182"
BLAP-3,Parc du Quai-de-La Tortue,"parc de Quai-de-La Tortue, quai de la Tortue, inters. boul. Lasalle et rue Brault",Verdun,"45,4473928176","-73,5687721265"
BLAP-4,Parc Desmarchais (marina),"parc Desmarchais, marina de Verdun, inters. boul. Lasalle et boul. Desmarchais ",Verdun,"45,4539704517","-73,5637815233"
BLAP-4.25,Plage de Verdun,"En rive à la hauteur de l'auditorium de Verdun, site de la future plage",Verdun,"45,4625201669","-73,5600687276"
BLAP-4.4,Canal du collecteur St-Pierre,Sur la pointe en amont du canal St-Pierre,Le Sud-Ouest,"45,4698230844","-73,5562848604"
BLAP-4.5,Pont Champlain (rive Montréal),"sous le pont Champlain, à partir de la rive de Montréal",Le Sud-Ouest,"45,4710422099","-73,5522968257"
BLAP-5,rue Cours du fleuve,"Verdun, île des Soeurs, 200m à l'est de la rue Cours du fleuve, en aval de l'estacade du pont Champlain.",Verdun,"45,4669052907","-73,5319320964"
BLAP-5.5,"Parc Marin, Île des Soeurs","Verdun, île des Soeurs, 100m à l'ouest de l'intersection des ch. du Golf et du boul. Marguerite-Bourgeoys, Parc Marin.",Verdun,"45,4615295799","-73,5567140078"
BLAP-6,Parc Gewurz-Remer,"Île-des-Soeurs, parc Gewurz-Remer, extrémité de la rue Jacques-Le Ber",Verdun,"45,4743487246","-73,5413874866"
BLAP-6.5,Esplanade de la Pointe-Nord,"Îles-des-Soeurs, Esplanade de la Pointe-Nord,  rue de la Rotonde et ch. de la Pointe-N.",Verdun,"45,4736476594","-73,5369840044"
BLAP-7,Pont Champlain (IDS sud),"Île-des-Soeurs, boul. René-Lévesque, au N. du pont Champlain (rive sud de l'île)",Verdun,"45,4702055688","-73,5341889173"
BLAP-8,Jetée Bikerdike,"Ville-Marie, extrémité nord de l'av. Pierre-Dupuy, Parc de la Cité-du-Hâvre, 300m en aval du pont de la Concorde.",Ville-Marie,"45,5078815683","-73,5428839282"
BLAP-8.5,Parc Cité-du-Havre (Habitat 67),"parc Cité-du-Havre, la vague éternelle derrière Habitat 67, av. Pierre-Dupuy",Ville-Marie,"45,5005281771","-73,5428231616"
BLAP-9,Parc de West Vancouver,"Île-des-Soeurs, parc de West Vancouver, inters. boul. de l'Île-des-Soeurs et rue Darwin",Verdun,"45,4566057762","-73,5417950855"
FSL-170,Plage du parc Jean-Drapeau,Plage du parc Jean-Drapeau,Ville-Marie,"45,4982554717","-73,5234560714"
FSL-180,Port Sainte-Hélène,"Ville-Marie, île Sainte-Hélène, extrémité nord de l'av. du Port, rampe de mise à l'eau du Port Sainte-Hélène.",Ville-Marie,"45,5274809898","-73,5357004904"
FSL-185,bassin d'Aviron,"Parc Jean Drapeau, bassin d'Aviron, extrémité nord, au bout du quai central.",Ville-Marie,"45,5170409288","-73,5263298654"
FSL-190,Parc J.-Drapeau (pl Nations),"île Ste-Hélène, parc Jean-Drapeau, place des Nations, ch. du Tour de l'isle",Ville-Marie,"45,5063520398","-73,5339008652"
FSL-200,Marina du Vieux-Port,"marina du Vieux-Port, rue Jacques-Cartier",Ville-Marie,"45,5058652069","-73,5506895324"
FSL-201,Quai Jacques-Cartier,"Ville-Marie, 350m à l'est de l'intersection des rues Saint-Gabriel et de la Commune, Quai Jacques-Cartier, quai principal du Port d'Escale.",Ville-Marie,"45,5053385815","-73,5514977607"
FSL-205,Plage de l'Horloge,"Vieux-Montréal, plage de l'Horloge, rue Quai de l'Horloge",Ville-Marie,"45,5127926916","-73,5461343062"
FSL-300,Parc de la Prom.-Bellerive (amont),"parc de la Promenade-Bellerive, inters. rue Bellerive et av. Mercier",Mercier-Hochelaga-Maisonneuve,"45,5953023915","-73,5079133271"
FSL-310,Parc de la Prom.-Bellerive (aval),"parc de la Promenade-Bellerive, inters. rue Bellerive et av. Gonthier",Mercier-Hochelaga-Maisonneuve,"45,6098631973","-73,5072679126"
FSL-330,Parc René-Labrosse,"parc René-Labrosse, inters. pl. de l'Église et rue Sainte-Julie",Montréal-Est,"45,6293052105","-73,4949136748"
FSL-340,Parc du Fort-de-Pointe-aux-Trembles,"parc du Fort-de-Pointe-aux-Trembles, inters. rue Bellerive et boul. Saint-Jean-Batiste",Rivière-des-Prairies-Pointe-aux-Trembles,"45,6398647214","-73,4872893907"
FSL-360,Marina Pointe-aux-Trembles,"marina Pointe-aux-Trembles, inters. rue Notre-Dame E. et boul. du Tricentenaire",Rivière-des-Prairies-Pointe-aux-Trembles,"45,6493140953","-73,4862348350"
FSL-380,Rampe de mise à l'eau (36e av.),"rampe de mise à l'eau, rue Notre-Dame E., entre la 36e av. et la 39e av.",Rivière-des-Prairies-Pointe-aux-Trembles,"45,6587322474","-73,4889325230"
FSL-390,Au bout de la 43e av.,"Rivière-des-Prairies / Pointe-aux-Trembles, 75m à l'extrémité est de l'av. 43e.",Rivière-des-Prairies-Pointe-aux-Trembles,"45,6634980944","-73,4914050534"
FSL-400,Parc C.-De La Rousselière,"parc Clémentine-De La Rousselière, inters. rue Notre-Dame E. et boul. de la Rousselière",Rivière-des-Prairies-Pointe-aux-Trembles,"45,6674646712","-73,4913964021"
FSL-410,Havre Liberté,"Rivière-des-Prairies / Pointe-aux-Trembles, 50m au nord-est de l'extrémité de l'av. 55e.",Rivière-des-Prairies-Pointe-aux-Trembles,"45,6713987682","-73,4912472062"
FSL-420,60e Avenue,"Rivière-des-Prairies / Pointe-aux-Trembles, 25m à l'est de l'extrémité de la 60e av.",Rivière-des-Prairies-Pointe-aux-Trembles,"45,6750175780","-73,4905634444"
FSL-425,Parc Marcel-Léger,"parc Marcel-Léger, extrémité de la rue Françoise-Langlois",Rivière-des-Prairies-Pointe-aux-Trembles,"45,6769888817","-73,4901806846"
FSL-430,P-n de la Pointe-aux-Prairies (fleuve),"p-n de la Pointe-aux-Prairie (secteur du Fleuve), rue Notre-Dame E., à l'est de la 67e av.",Rivière-des-Prairies-Pointe-aux-Trembles,"45,6798315530","-73,4899432381"
FSL-460,Parc Pierre-Payet (82 av.),"parc Pierre-Payet, inters. rue Bellerive et 82e av.",Rivière-des-Prairies-Pointe-aux-Trembles,"45,6886641773","-73,4854110566"
FSL-480,Parc Pierre-Payet (rampe de mise à l'eau),"parc Pierre-Payet, rampe de mise à l'eau, inters. rue Bellerive et rue Pauline-Donalda",Rivière-des-Prairies-Pointe-aux-Trembles,"45,6922942181","-73,4821772370"
FSL-490,Future plage de l'Est,"future plage de l'Est, inters. rue Bellerive et 94e av.",Rivière-des-Prairies-Pointe-aux-Trembles,"45,6974160813","-73,4798329058"
FSL-500,Parc du Bout-de-l'île (fleuve),"parc du Bout-de-l'Île (côté fleuve), extrémité N. de la rue Bureau",Rivière-des-Prairies-Pointe-aux-Trembles,"45,7006502258","-73,4782186947"
IBIZ-1,Pont de l'île Mercier,"L'Île-Bizard / Sainte-Geneviève, Île Bizard, 250m au sud-est de l'intersection du ch. Cherrier et de la rue Louis-Roch, sur le pont de l' île Mercier.",L'Île-Bizard-Sainte-Geneviève,"45,4838622661","-73,8781713610"
IBIZ-1.5,Rue Charron,"L'Île-Bizard / Sainte-Geneviève, Île Bizard, 60m au sud-est de la rue Dollard.",L'Île-Bizard-Sainte-Geneviève,"45,4861261860","-73,8750829116"
IBIZ-10.5,Pointe des Carrières (plage),"L'Île-Bizard / Sainte-Geneviève, Île Bizard, Parc-nature du Boisé-de-l'Île-Bizard, plage de la Pointe-aux-Carrières, rive à l'ouest du fossé.",L'Île-Bizard-Sainte-Geneviève,"45,5159655424","-73,9011306147"
IBIZ-11,rue Roussin,"L'Île-Bizard / Sainte-Geneviève, Île Bizard, 25m à l'ouest de la rue Roussin, en amont du Parc-nature du Boisé-de-l'Île-Bizard.",L'Île-Bizard-Sainte-Geneviève,"45,5139069750","-73,9020847718"
IBIZ-11.5,Terrasse Martin,extrémité de la terrasse Martin (segment ouest) ,L'Île-Bizard-Sainte-Geneviève,"45,5077894267","-73,9097512297"
IBIZ-12,Avenue Théoret,"L'Île-Bizard / Sainte-Geneviève, Île Bizard, extrémité de l'av. Théoret.",L'Île-Bizard-Sainte-Geneviève,"45,5039148619","-73,9126198521"
IBIZ-13,Rue Roger,extrémité de la rue Roger,L'Île-Bizard-Sainte-Geneviève,"45,4768521719","-73,9271016956"
IBIZ-13.5,Pointe Théorêt (plage),"L'Île-Bizard / Sainte-Geneviève, Île Bizard, Parc-nature du Cap-St-Jacques, côté sud-ouest de la Pointe Théoret, sur la plage.",L'Île-Bizard-Sainte-Geneviève,"45,4686170832","-73,9025625283"
IBIZ-14,P-n Cap-Saint-Jacques (Pnte-Théorêt),"p-n du Cap-Saint-Jacques, côté est de la pointe Théorêt",L'Île-Bizard-Sainte-Geneviève,"45,4696512804","-73,8992736610"
IBIZ-15,Parc Terrasse-Sacré-Coeur,"parc Terrasse-Sacré-Coeur, tsse Sacré-Coeur, entre les rues Roy et Paquin",L'Île-Bizard-Sainte-Geneviève,"45,4803444127","-73,8796408996"
IBIZ-16,Île Mercier,"L'Île-Bizard / Sainte-Geneviève, Île Mercier, 175m à l'est de l'intersection de la rue Louis-Roch et du boul. Mercier.",L'Île-Bizard-Sainte-Geneviève,"45,4844877754","-73,8747529627"
IBIZ-2,Parc Denis-Benjamin-Viger,"parc Denis-Benjamin-Viger, extrémité de la rue St-Pierre",L'Île-Bizard-Sainte-Geneviève,"45,4888776849","-73,8682091986"
IBIZ-3,Place Maxime,"L'Île-Bizard / Sainte-Geneviève, Île Bizard, 60m à l'est de l'extrémité de pl. Maxime.",L'Île-Bizard-Sainte-Geneviève,"45,4910720453","-73,8643587317"
IBIZ-4,Rue Emile,inters. rue Cherrier et rue Émile,L'Île-Bizard-Sainte-Geneviève,"45,5034711237","-73,8617830844"
IBIZ-5,Rue des Cèdres,"L'Île-Bizard / Sainte-Geneviève, Île Bizard, 50m au sud-est de la jonction des ch. Cherrier et Dutour.",L'Île-Bizard-Sainte-Geneviève,"45,5091713544","-73,8578588167"
IBIZ-6,rue des Cèdres,"L'Île-Bizard / Sainte-Geneviève, Île Bizard, 65m au nord du coin nord de l'av. des Cèdres.",L'Île-Bizard-Sainte-Geneviève,"45,5134128698","-73,8572130116"
IBIZ-6.5,rue des Érables,"L'Île-Bizard / Sainte-Geneviève, Île Bizard, 50m au nord-est de l'intersection des av. des Vignes et des Érables, rampe de mise à l'eau.",L'Île-Bizard-Sainte-Geneviève,"45,5160574098","-73,8613862336"
IBIZ-7,P-n Bois-de-l'Île-Bizard (sect. Les rapides),"p-n du Bois-de-l'Île-Bizard, sect. Les rapides, extrémité de la rue Patenaude",L'Île-Bizard-Sainte-Geneviève,"45,5186085970","-73,8639167409"
IBIZ-8,Rapides Lalemant,"L'Île-Bizard / Sainte-Geneviève, Île Bizard, 20m au nord de l'intersection du ch. du Bord-du-lac et de l'av. 5e.",L'Île-Bizard-Sainte-Geneviève,"45,5198902241","-73,8781040676"
IBIZ-8.4,Ch. Bord-du-Lac,"L'Île-Bizard / Sainte-Geneviève, Île Bizard, 350m en aval de l'intersection de pl. des Cageux et ch. Bord-du-Lac, 225m au nord-ouest du ch. du Bord-du-lac,.",L'Île-Bizard-Sainte-Geneviève,"45,5176858452","-73,8943728072"
IBIZ-8.5,P-n Bois-de-l'Île-Bizard (sect. Pnte-aux-Carr.),"p-n du Bois-de-l'Île-Bizard, sect. de la Pointe-aux-Carrières, ch. du Bord-du-Lac et pl. des Cageux",L'Île-Bizard-Sainte-Geneviève,"45,5170611965","-73,8998560144"
IBIZ-9,Pointe aux Carrières,"L'Île-Bizard / Sainte-Geneviève, Île Bizard, Parc nature du Boisé-de-l'ile-Bizard, 600m au nord-ouest de l'intersection du ch. du Bord-du-lac et de pl. des Cageux, gazébo de la Pointe aux Carrières.",L'Île-Bizard-Sainte-Geneviève,"45,5171344017","-73,9023649427"
-LSL 0.50,Port de plaisance de Lachine,"port de plaisance de Lachine, rampe de mise à l'eau, ch. des Iroquois",Lachine,"45,4291699380","-73,6739695049"
-LSL 1.00,Parc Monk,"parc Monk, inters. boul. Saint-Joseph et la 7e av.",Lachine,"45,4309144200","-73,6712490870"
-LSL 10.00,Parc Edgewater,"parc Edgewater, inters. ch. du Bord-du-Lac et av. Bowling Green",Pointe-Claire,"45,4305371205","-73,8181291149"
-LSL 10.25,Club naut. de Pointe-Claire,"Pointe-Claire, extrémité de la rue Cartier, jetée du Yacht Club de Pointe-Claire.",Pointe-Claire,"45,4273894645","-73,8209591946"
-LSL 10.50,Yatch Club de Beaconsfield,"Yatch Club de Beaconsfield, ch. Lakeshore, entre boul. le Beaconsfield et l'av. Old Church",Beaconsfield,"45,4255023315","-73,8366653553"
-LSL 11.00,Parc St-James,"parc Saint-James, inters. Ch. Lakeshore et av. Kirkwood",Beaconsfield,"45,4290026731","-73,8427568705"
-LSL 11.50,Club nautique Lord-Reading,"Beaconsfield, intersection du boul. Beaconsfield et de la pl. Ashton, jetée du Lord Reading yacht club.",Beaconsfield,"45,4234009337","-73,8610189290"
-LSL 12.00,Parc Centennial,"parc Centennial, inters. boul. Beaconsfield et road Shore",Beaconsfield,"45,4233610617","-73,8618644637"
-LSL 12.50,Parc Saint-Louis,"Beaconsfield, 60m au sud de l'intersection de la rue Lakeshore et de l'av.. Saint-Louis, Parc St-Louis",Beaconsfield,"45,4171214985","-73,8775957376"
-LSL 13.00,Parc Angell,"parc Angell, inters. rue Lakeshore et av. Angell",Beaconsfield,"45,4154062784","-73,8841111133"
-LSL 14.00,Parc Lakeview,"parc Lakeview, inters. rue Lakeshore et boul. Lakeview",Beaconsfield,"45,4148837516","-73,8895038273"
-LSL 15.00,Place Poplar,"Baie d'Urfé, 200m au sud de l'intersection de la route Lakeshore et de la pl. Poplar",Baie d'Urfé,"45,4112835382","-73,9004006020"
-LSL 16.00,Parc de l'Hôtel de Ville,"parc de l'Hôtel de Ville, inters. rue Lakeshore et rue Carrière",Baie d'Urfé,"45,4075003460","-73,9169645299"
-LSL 17.00,Parc Bertold,"parc Bertold, inters. rue Lakeshore et rue Churchill",Baie d'Urfé,"45,4035305295","-73,9242480749"
-LSL 17.50,Club nautique de Baie d'Urfé,"Baie d'Urfé, 220m au sud-ouest de l'intersection de la route Lakeshore et de la rue de la Pointe Caron, quai du Baie d'Urfé yacht club.",Baie d'Urfé,"45,4038378758","-73,9227911276"
-LSL 18.00,Campus MacDonald,"ch. Lakeshore, devant le campus MacDonald de l'université McGill",Sainte-Anne-de-Bellevue,"45,4042505148","-73,9345207723"
-LSL 19.00,Parc Kelso,"parc Kelso, inters. rue Sainte-Anne et rue Perrault",Sainte-Anne-de-Bellevue,"45,4022502582","-73,9460300022"
-LSL 2.00,Marina d'escale,"Marina d'escale, inters. boul. Saint-Joseph et 24e av.",Lachine,"45,4328087246","-73,6858351455"
-LSL 2.50,Parc St-Louis (quai fédéral),"parc st-Louis, quai Fédéral, inters. boul. Saint-Joseph et 34e av.",Lachine,"45,4324605506","-73,6942866662"
-LSL 20.00,Écluse de Sainte-Anne,"écluse de Sainte-Anne, rue Sainte-Anne, à l'est du pont Galipeault (aut. 20)",Sainte-Anne-de-Bellevue,"45,4040640666","-73,9544740004"
-LSL 20.50,Amont de l'écluse,"Parc Promenade du Canal, à la hauteur de la rue Sainte-Anne et Aut. 20",Sainte-Anne-de-Bellevue,"45,4049090540","-73,9573142493"
-LSL 21.00,Parc Godin,"parc Godin, extrémité de la rue Grier",Sainte-Anne-de-Bellevue,"45,4076323134","-73,9569430439"
-LSL 3.00,Parc Stoney Point,"parc Stoney Point, inters. boul. Saint-Joseph et de la 46e av.",Lachine,"45,4356465421","-73,7070809996"
-LSL 4.00,Parc Summerlea,"parc Summerlea, inters. du boul. St-Joseph et de la 53e av.",Lachine,"45,4376194743","-73,7156650077"
-LSL 4.30,Parc du Millénaire,"parc du Millénaire, cercle Keiller, à l'est de l'av. Sévigny",Dorval,"45,4384468373","-73,7232630704"
-LSL 4.50,Pointe Picard,"pointe Picard, extrémité de l'av. St-Charles",Dorval,"45,4369620073","-73,7279096011"
-LSL 5.00,Avenue Dahlia,"Dorval, extrémité sud de l'av. Dahlia",Dorval,"45,4371890322","-73,7324332998"
-LSL 5.25,Rue Ash,"Dorval, île Dorval, aval de l'île Dorval, 30m au sud-est de l'av. Ash.",Dorval,"45,4322449279","-73,7377316198"
-LSL 5.50,Traversier de l'île Dorval,"embarcadère du traversier de l'Île Dorval, extrémité de l'av. Dorval",Dorval,"45,4376373357","-73,7393556792"
-LSL 5.75,Club naut. Royal Saint-Laurent,"Dorval, 100m au sud-est de l'av. Allan Point, jetée du Yacht-Club Royal Saint-Laurent",Dorval,"45,4378641916","-73,7531230632"
-LSL 6.00,Parc Pine Beach (aval),"Dorval, 100m au sud de l'intersection du ch. Bord-du-Lac et du boul. Pine Beach, Parc Pine Beach",Dorval,"45,4389163508","-73,7582046775"
-LSL 6.50,Parc Pine Beach,"parc Pine Beach (amont), inters. ch. du Bord-du-Lac et av. St-Louis",Dorval,"45,4396869460","-73,7630810646"
-LSL 7.00,Parc Baie de Valois,"parc Baie de Valois, inters. ch. du Bord-du-Lac et av. Canary",Dorval,"45,4422366753","-73,7752338658"
-LSL 8.00,Parc Venture,"parc Venture, inters. ch. du Bord-du-Lac et voie d'accès à l'aut. 20",Pointe-Claire,"45,4468918017","-73,7960469430"
-LSL 9.00,Parc Stewart,"parc Stewart, ch. du Bord-du-Lac, à l'ouest de la rue Stewart",Pointe-Claire,"45,4339711406","-73,8073810149"
RDP-100,Rue Beaulieu,extrémité de la rue Beaulieu,L'Île-Bizard-Sainte-Geneviève,"45,4727244287","-73,8776469356"
RDP-110,Parc Antoine-Faucon,"parc Antoine-Faucon, extrémité de la rue du Pont",L'Île-Bizard-Sainte-Geneviève,"45,4858662339","-73,8690574603"
RDP-120,Parc du Portage,"parc du Portage, extrémité de la rue Bourget",L'Île-Bizard-Sainte-Geneviève,"45,4877722409","-73,8633425795"
RDP-130,chemin de la rive Boisée,"Pierrefonds-Roxboro, 250m au nord-ouest de l'intersection du ch. de la Rive-Boisée et du boul. Gouin.",Pierrefonds-Roxboro,"45,4957143666","-73,8532823480"
RDP-140,Parc de la Rive-Boisée,"parc de la Rive-Boisée, ch. Rive-Boisée, au sud de la rue David",Pierrefonds-Roxboro,"45,4987153129","-73,8549270266"
RDP-150,Rue du Bocage,extrémité de la rue du Bocage,Pierrefonds-Roxboro,"45,4995266863","-73,8582499475"
RDP-160,Parc de Versailles,"parc de Versailles, inters. rue Desjardins et rue William",Pierrefonds-Roxboro,"45,5122666642","-73,8487785699"
RDP-180,P-n des Rapides-du-Cheval-Blanc,"p-n des Rapides-du-Cheval-Blanc, extrémité de la rue Riviera",Pierrefonds-Roxboro,"45,5169191947","-73,8294387898"
RDP-190,Parc de l'Île de Roxboro,"parc de l'Île de Roxboro, extrémité de la 5e av. N.",Pierrefonds-Roxboro,"45,5139898976","-73,8210775596"
RDP-195,Parc Louise-Deschênes,"parc Louise-Deschênes, extrémité de la 1iere av. N.",Pierrefonds-Roxboro,"45,5156458055","-73,8132481754"
RDP-20,Pointe aux Moutons,"baie à proximité de la pointe aux Moutons, ch. Senneville, au N. de l'av. Sunset",Senneville,"45,4172831375","-73,9642541042"
RDP-200,Parc Paquin,"parc Paquin, inters. rue Saraguay E. et rue du Belvédère",Pierrefonds-Roxboro,"45,5110570049","-73,7992303217"
RDP-220,Parc des Anciens-Combattants,"parc des Anciens-Combattants, inters. Rue Rose et boul. Lalande",Pierrefonds-Roxboro,"45,5094238756","-73,7844831798"
RDP-240,rue Hortie,"Pierrefonds-Roxboro, 200m au nord de l'intersection du boul. Gouin et de la rue Hortie.",Pierrefonds-Roxboro,"45,5086526889","-73,7739100810"
RDP-25,Club nautique de Senneville,"Senneville, 350m au sud de l'intersection du ch. Senneville et de l'autoroute Transcanadienne, à l'intérieur de la jetée du Club de voile Senneville.",Senneville,"45,4184970575","-73,9685300141"
RDP-250,P-n du Bois-de-Liesse,"parc-nature du Bois-de-Liesse, av. Oakridge, au nord du boul. Gouin O.",Ahuntsic-Cartierville,"45,5124510542","-73,7576381193"
RDP-260,Collège Ste-Marcelline,"Ahuntsic-Cartierville, 375m au nord de l'intersection du boul.Gouin et de l'av. LeMesurier, Parc régional du Bois-de-Saraguay.",Ahuntsic-Cartierville,"45,5171772153","-73,7487905396"
RDP-280,Parc de Beauséjour,"parc de Beauséjour, inters. rue Henry d'Arles et boul Gouin O.",Ahuntsic-Cartierville,"45,5290798898","-73,7334355759"
RDP-290,Club Canotage de Cartierville,"Club de canotage de Cartierville, extrémité de la rue Crevier",Ahuntsic-Cartierville,"45,5310079229","-73,7284201293"
RDP-30,Club de voile de Senneville,"club de voile de Senneville, au sud de l'aut. 40",Senneville,"45,4180639545","-73,9697147156"
RDP-300,Rue Notre-Dame-des-Anges,"Ahuntsic-Cartierville, extrémité de la rue Notre-Dame-des-Anges.",Ahuntsic-Cartierville,"45,5368647561","-73,7200929267"
RDP-305,Parc Raimbault,"parc Raimbault, rue Notre-Dame-des-anges, à l'est de rue du Bocage",Ahuntsic-Cartierville,"45,5372207435","-73,7166639152"
RDP-310,Parc des Bateliers,"Ahuntsic-Cartierville, parc des Bateliers, au bout du boul. de l'Acadie",Ahuntsic-Cartierville,"45,5447989546","-73,7032448278"
RDP-320,Parc de la Merci,"parc de la Merci, boul. Gouin O. et rue de Salaberry",Ahuntsic-Cartierville,"45,5476895200","-73,6892178650"
RDP-330,Parc Nicolas-Viel,"parc Nicolas-Viel, inters. boul. Saint-Laurent et rue Somerville",Ahuntsic-Cartierville,"45,5521686234","-73,6769465038"
RDP-340,Parc Stanley,"Ahuntsic-Cartierville, 50m à l'ouest de l'intersection des av. Durham Park Stanley, Parc Stanley.",Ahuntsic-Cartierville,"45,5595303597","-73,6723919875"
RDP-35,Baie Forget,"baie Forget, ch. Senneville, à l'ouest de l'av. Phillips",Senneville,"45,4434664257","-73,9580747491"
RDP-350,Parc Gouin (Sophie-Barrat),"parc Gouin (Sophie-Barat), av. saint-Charles et av. Park Stanley",Ahuntsic-Cartierville,"45,5619500163","-73,6695224264"
RDP-360,P-n de l'Île-de-la-Visitation (pont),"p-n de l'Île-de-la-Visitation, pont piétonnier, boul. Gouin E. et rue de Lille ",Ahuntsic-Cartierville,"45,5807147024","-73,6573828410"
RDP-370,P-N de l'Île-de-la-Visitation,"Ahuntsic-Cartierville, 350m au nord de la rue D'Iberville, extrémité est de l'Île-de-la-Visitation, au pied du belvédère.",Ahuntsic-Cartierville,"45,5821180749","-73,6573677069"
RDP-380,Parc Aimé-Léonard,"parc Aimé-Léonard, inters. boul. Albert-Brosseau et rue Savard",Montréal-Nord,"45,6030378248","-73,6429858470"
RDP-385,Avenue Pigeon,"Montréal-Nord, 125m à l'ouest de l'intersection des boul. Gouin et Sainte-Gertrude, bout de la rue Pigeon.",Montréal-Nord,"45,6081507184","-73,6404089724"
RDP-40,Baie Forget,"Senneville, 400m à l'est de l'intersection du ch. Senneville et de l'av. Phillips.",Senneville,"45,4456567266","-73,9515846465"
RDP-400,En aval du parc Fortin,"en aval du parc Fortin, inters. boul. Gouin E. et av. Fortin",Montréal-Nord,"45,6223941201","-73,6303808262"
RDP-420,Parc Ernest-Rouleau,"parc Rouleau-Ernest, boul. Gouin E., à l'ouest du pont Olivier-Charbonneau (aut. 25)",Rivière-des-Prairies-Pointe-aux-Trembles,"45,6319599329","-73,6161284995"
RDP-440,Parc André-Corbeil-Dit-Tranchemontagne,"parc André-Corbeil-dit-Tranchemontagne, inters. boul. Gouin E. et 28e av.",Rivière-des-Prairies-Pointe-aux-Trembles,"45,6451708998","-73,5966475699"
RDP-460,Parc du Moulin-du-Rapide,"parc Moulin-du-Rapide, inters. rue de Clichy et 58e av.",Rivière-des-Prairies-Pointe-aux-Trembles,"45,6605972622","-73,5730597410"
RDP-480,Parc du Cheval-Blanc,"parc du Cheval-Blanc, boul. Gouin E., à l'est de la 68e av.",Rivière-des-Prairies-Pointe-aux-Trembles,"45,6633929382","-73,5628397035"
RDP-490,Parc des Cageux,"parc des Cageux, inters. boul. Gouin E. et 94e av.",Rivière-des-Prairies-Pointe-aux-Trembles,"45,6782795097","-73,5350193452"
RDP-500,P-N de la Pointe-aux-Prairies,"Rivière-des-Prairies / Pointe-aux-Trembles, 200m au nord de l'intersection du boul. Gouin et la rue Mathieu-de-Costa",Rivière-des-Prairies-Pointe-aux-Trembles,"45,6813352327","-73,5328859941"
RDP-520,Pont Charles-De Gaulle (aut. 40),"boul. Gouin E., sous le pont Charles-De Gaulle (aut. 40)",Rivière-des-Prairies-Pointe-aux-Trembles,"45,6991534550","-73,5086135186"
RDP-540,Parc Gouin (Haynes),"parc Gouin (Haynes), inters. boul. Gouin E. et 133e av.",Rivière-des-Prairies-Pointe-aux-Trembles,"45,6975057360","-73,4981905888"
RDP-550,ex-Marina Clément,"Rivière-des-Prairies / Pointe-aux-Trembles, 100m au nord-ouest de l'intersection de l'av. 100e et de la rue Notre-Dame.",Rivière-des-Prairies-Pointe-aux-Trembles,"45,7012718008","-73,4846966676"
RDP-560,Parc du Bout-de-l'île (rivière),"parc du Bout-de-l'Île (côté rivière), extrémité N. de la rue Bureau",Rivière-des-Prairies-Pointe-aux-Trembles,"45,7023898283","-73,4786971641"
RDP-60,P-n de l'Anse-à-l'Orme,"p-n de l'Anse-à-l'Orme, boul Gouin O. à l'est de à rue Lauzon",Pierrefonds-Roxboro,"45,4538049608","-73,9387224305"
RDP-70,P-N du Cap-Saint-Jacques,"Pierrefonds-Roxboro, près de la rue Charlebois et du chemin du Cap Saint-Jacques, Parc-nature du Cap Saint-Jacques, centre de la plage.",Pierrefonds-Roxboro,"45,4616925064","-73,9417646428"
RDP-75,P-n du Cap-Saint-Jacques (chalet d'accueil),"p-n du Cap-St-Jacques, rampe mise à l'eau, inters. boul. Gouin E. et rue Pilon",Pierrefonds-Roxboro,"45,4627080324","-73,9184105818"
RDP-77,Rue Coursol,"Pierrefonds-Roxboro, 100m au nord-ouest de l'intersection des rues Coursol et River.",Pierrefonds-Roxboro,"45,4666390324","-73,8918197033"
RDP-80,Parc Hélène-Legault,"parc Hélène-Legault, inters. rue des Cageux et rue Hélène",Pierrefonds-Roxboro,"45,4686422045","-73,8885945953"
RDP-95,Parc Julie-Dauth,"parc Julie-Dauth, rue Julie",Pierrefonds-Roxboro,"45,4710475324","-73,8834531025"